DoH @ Nth Sydney IE6 via SSL,DoH Nth Sydney via SSL
Far West,Far West PHU
GOULBURN,Goulburn PHU
Gosford,Gosford PHU
Greater Western Pubblic Health Unit - Bathurst Office,Bathurst PHU
Hunter,Hunter PHU
Hunter PHU,Hunter PHU
North Coast,Lismore PHU
North Coast Public Health Unit ( Lismore),Lismore PHU
North Coast Public Health Unit (Lismore),Lismore PHU
North Coast Public health Unit (Lismore),Lismore PHU
North Coast public Health Unit ( Lismore),Lismore PHU
North Coast public Health Unit (Lismore),Lismore PHU
Northern Sydney PHU,Hornsby PHU
Northern Sydney Public Health Unit,Hornsby PHU
PHU - Dubbo,Dubbo PHU
SESI - Wollongong,Illawarra PHU
SESIAHS - Northern,Randwick PHU
SSW Liverpool,Liverpool PHU
SWAHS-Cumberland,Parramatta PHU
SWAHS-Penrith,Penrith PHU
Tamworth,Tamworth PHU
Tim Churches office - head office,DoH Nth Sydney
"Tim Churches' office, Nth Syd",DoH Nth Sydney
"Tim Churches' office, Nth Sydney",DoH Nth Sydney
"Tim Churches's office, Miller St, Nth Sydney",DoH Nth Sydney
albury,Albury PHU
camperdown,Camperdown PHU
former GMA Albury,Albury PHU
gosford,Gosford PHU
justice health,Justice Health PHU
lllawarra,Illawarra PHU
northcoast area health service port macquarie,Port Macquarie PHU
sesiphu - northern office,Randwick PHU
tamworth,Tamworth PHU
